status	method	path_or_expression	source	line
planned	GET	/_ingest/processor/grok	/home/ubuntu/OpenSearch/modules/ingest-common/src/main/java/org/opensearch/ingest/common/GrokProcessorGetAction.java	162
planned	GET	/_msearch/template	/home/ubuntu/OpenSearch/modules/lang-mustache/src/main/java/org/opensearch/script/mustache/RestMultiSearchTemplateAction.java	75
planned	POST	/_msearch/template	/home/ubuntu/OpenSearch/modules/lang-mustache/src/main/java/org/opensearch/script/mustache/RestMultiSearchTemplateAction.java	76
planned	GET	/{index}/_msearch/template	/home/ubuntu/OpenSearch/modules/lang-mustache/src/main/java/org/opensearch/script/mustache/RestMultiSearchTemplateAction.java	77
planned	POST	/{index}/_msearch/template	/home/ubuntu/OpenSearch/modules/lang-mustache/src/main/java/org/opensearch/script/mustache/RestMultiSearchTemplateAction.java	78
planned	GET	/_render/template	/home/ubuntu/OpenSearch/modules/lang-mustache/src/main/java/org/opensearch/script/mustache/RestRenderSearchTemplateAction.java	56
planned	POST	/_render/template	/home/ubuntu/OpenSearch/modules/lang-mustache/src/main/java/org/opensearch/script/mustache/RestRenderSearchTemplateAction.java	57
planned	GET	/_render/template/{id}	/home/ubuntu/OpenSearch/modules/lang-mustache/src/main/java/org/opensearch/script/mustache/RestRenderSearchTemplateAction.java	58
planned	POST	/_render/template/{id}	/home/ubuntu/OpenSearch/modules/lang-mustache/src/main/java/org/opensearch/script/mustache/RestRenderSearchTemplateAction.java	59
planned	GET	/_search/template	/home/ubuntu/OpenSearch/modules/lang-mustache/src/main/java/org/opensearch/script/mustache/RestSearchTemplateAction.java	68
planned	POST	/_search/template	/home/ubuntu/OpenSearch/modules/lang-mustache/src/main/java/org/opensearch/script/mustache/RestSearchTemplateAction.java	69
planned	GET	/{index}/_search/template	/home/ubuntu/OpenSearch/modules/lang-mustache/src/main/java/org/opensearch/script/mustache/RestSearchTemplateAction.java	70
planned	POST	/{index}/_search/template	/home/ubuntu/OpenSearch/modules/lang-mustache/src/main/java/org/opensearch/script/mustache/RestSearchTemplateAction.java	71
planned	GET	/_scripts/painless/_context	/home/ubuntu/OpenSearch/modules/lang-painless/src/main/java/org/opensearch/painless/action/PainlessContextAction.java	215
planned	GET	/_scripts/painless/_execute	/home/ubuntu/OpenSearch/modules/lang-painless/src/main/java/org/opensearch/painless/action/PainlessExecuteAction.java	621
planned	POST	/_scripts/painless/_execute	/home/ubuntu/OpenSearch/modules/lang-painless/src/main/java/org/opensearch/painless/action/PainlessExecuteAction.java	621
planned		"/_opensearch_dashboards" + route.getPath(	/home/ubuntu/OpenSearch/modules/opensearch-dashboards/src/main/java/org/opensearch/dashboards/OpenSearchDashboardsModulePlugin.java	176
planned	GET	"/" + ENDPOINT	/home/ubuntu/OpenSearch/modules/rank-eval/src/main/java/org/opensearch/index/rankeval/RestRankEvalAction.java	112
planned	POST	"/" + ENDPOINT	/home/ubuntu/OpenSearch/modules/rank-eval/src/main/java/org/opensearch/index/rankeval/RestRankEvalAction.java	113
planned	GET	"/{index}/" + ENDPOINT	/home/ubuntu/OpenSearch/modules/rank-eval/src/main/java/org/opensearch/index/rankeval/RestRankEvalAction.java	114
planned	POST	"/{index}/" + ENDPOINT	/home/ubuntu/OpenSearch/modules/rank-eval/src/main/java/org/opensearch/index/rankeval/RestRankEvalAction.java	115
planned	POST	/{index}/_delete_by_query	/home/ubuntu/OpenSearch/modules/reindex/src/main/java/org/opensearch/index/reindex/RestDeleteByQueryAction.java	57
planned	POST	/_reindex	/home/ubuntu/OpenSearch/modules/reindex/src/main/java/org/opensearch/index/reindex/RestReindexAction.java	62
planned	POST	/_update_by_query/{taskId}/_rethrottle	/home/ubuntu/OpenSearch/modules/reindex/src/main/java/org/opensearch/index/reindex/RestRethrottleAction.java	60
planned	POST	/_delete_by_query/{taskId}/_rethrottle	/home/ubuntu/OpenSearch/modules/reindex/src/main/java/org/opensearch/index/reindex/RestRethrottleAction.java	61
planned	POST	/_reindex/{taskId}/_rethrottle	/home/ubuntu/OpenSearch/modules/reindex/src/main/java/org/opensearch/index/reindex/RestRethrottleAction.java	62
planned	POST	/{index}/_update_by_query	/home/ubuntu/OpenSearch/modules/reindex/src/main/java/org/opensearch/index/reindex/RestUpdateByQueryAction.java	58
out-of-scope	GET	/_flight/stats	/home/ubuntu/OpenSearch/plugins/arrow-flight-rpc/src/main/java/org/opensearch/arrow/flight/stats/FlightStatsRestHandler.java	39
out-of-scope	GET	/_flight/stats/{nodeId}	/home/ubuntu/OpenSearch/plugins/arrow-flight-rpc/src/main/java/org/opensearch/arrow/flight/stats/FlightStatsRestHandler.java	40
out-of-scope	GET	/_nodes/flight/stats	/home/ubuntu/OpenSearch/plugins/arrow-flight-rpc/src/main/java/org/opensearch/arrow/flight/stats/FlightStatsRestHandler.java	41
out-of-scope	GET	/_nodes/{nodeId}/flight/stats	/home/ubuntu/OpenSearch/plugins/arrow-flight-rpc/src/main/java/org/opensearch/arrow/flight/stats/FlightStatsRestHandler.java	42
out-of-scope	GET	/_cat/example	/home/ubuntu/OpenSearch/plugins/examples/rest-handler/src/main/java/org/opensearch/example/resthandler/ExampleCatAction.java	60
out-of-scope	POST	/_cat/example	/home/ubuntu/OpenSearch/plugins/examples/rest-handler/src/main/java/org/opensearch/example/resthandler/ExampleCatAction.java	60
out-of-scope	PUT	/_steelsearch/persistent_task/{task_id}	/home/ubuntu/OpenSearch/plugins/persistent-task-live-fixture/src/main/java/org/opensearch/example/persistenttask/RestPersistentTaskLiveFixtureAction.java	38
out-of-scope	DELETE	/_steelsearch/persistent_task/{task_id}	/home/ubuntu/OpenSearch/plugins/persistent-task-live-fixture/src/main/java/org/opensearch/example/persistenttask/RestPersistentTaskLiveFixtureAction.java	39
out-of-scope	POST	/test/_stream	/home/ubuntu/OpenSearch/plugins/transport-reactor-netty4/src/internalClusterTest/java/org/opensearch/http/reactor/netty4/ReactorNetty4StreamingTracingIT.java	100
out-of-scope	POST	_wlm/workload_group/	/home/ubuntu/OpenSearch/plugins/workload-management/src/main/java/org/opensearch/plugin/wlm/rest/RestCreateWorkloadGroupAction.java	59
out-of-scope	PUT	_wlm/workload_group/	/home/ubuntu/OpenSearch/plugins/workload-management/src/main/java/org/opensearch/plugin/wlm/rest/RestCreateWorkloadGroupAction.java	59
out-of-scope	DELETE	_wlm/workload_group/{name}	/home/ubuntu/OpenSearch/plugins/workload-management/src/main/java/org/opensearch/plugin/wlm/rest/RestDeleteWorkloadGroupAction.java	51
out-of-scope	GET	_wlm/workload_group/	/home/ubuntu/OpenSearch/plugins/workload-management/src/main/java/org/opensearch/plugin/wlm/rest/RestGetWorkloadGroupAction.java	51
out-of-scope	GET	_wlm/workload_group/{name}	/home/ubuntu/OpenSearch/plugins/workload-management/src/main/java/org/opensearch/plugin/wlm/rest/RestGetWorkloadGroupAction.java	51
out-of-scope	POST	_wlm/workload_group/{name}	/home/ubuntu/OpenSearch/plugins/workload-management/src/main/java/org/opensearch/plugin/wlm/rest/RestUpdateWorkloadGroupAction.java	59
out-of-scope	PUT	_wlm/workload_group/{name}	/home/ubuntu/OpenSearch/plugins/workload-management/src/main/java/org/opensearch/plugin/wlm/rest/RestUpdateWorkloadGroupAction.java	59
planned	GET	/_field_caps	/home/ubuntu/OpenSearch/server/src/main/java/org/opensearch/rest/action/RestFieldCapabilitiesAction.java	61
planned	POST	/_field_caps	/home/ubuntu/OpenSearch/server/src/main/java/org/opensearch/rest/action/RestFieldCapabilitiesAction.java	62
planned	GET	/{index}/_field_caps	/home/ubuntu/OpenSearch/server/src/main/java/org/opensearch/rest/action/RestFieldCapabilitiesAction.java	63
planned	POST	/{index}/_field_caps	/home/ubuntu/OpenSearch/server/src/main/java/org/opensearch/rest/action/RestFieldCapabilitiesAction.java	64
implemented	GET	/	/home/ubuntu/OpenSearch/server/src/main/java/org/opensearch/rest/action/RestMainAction.java	63
implemented	HEAD	/	/home/ubuntu/OpenSearch/server/src/main/java/org/opensearch/rest/action/RestMainAction.java	63
planned	POST	/_cluster/voting_config_exclusions	/home/ubuntu/OpenSearch/server/src/main/java/org/opensearch/rest/action/admin/cluster/RestAddVotingConfigExclusionAction.java	75
planned	POST	/_tasks/_cancel	/home/ubuntu/OpenSearch/server/src/main/java/org/opensearch/rest/action/admin/cluster/RestCancelTasksAction.java	71
planned	POST	/_tasks/{task_id}/_cancel	/home/ubuntu/OpenSearch/server/src/main/java/org/opensearch/rest/action/admin/cluster/RestCancelTasksAction.java	71
planned	POST	/_snapshot/{repository}/_cleanup	/home/ubuntu/OpenSearch/server/src/main/java/org/opensearch/rest/action/admin/cluster/RestCleanupRepositoryAction.java	60
planned	DELETE	/_cluster/voting_config_exclusions	/home/ubuntu/OpenSearch/server/src/main/java/org/opensearch/rest/action/admin/cluster/RestClearVotingConfigExclusionsAction.java	57
planned	PUT	/_snapshot/{repository}/{snapshot}/_clone/{target_snapshot}	/home/ubuntu/OpenSearch/server/src/main/java/org/opensearch/rest/action/admin/cluster/RestCloneSnapshotAction.java	62
planned	GET	/_cluster/allocation/explain	/home/ubuntu/OpenSearch/server/src/main/java/org/opensearch/rest/action/admin/cluster/RestClusterAllocationExplainAction.java	65
planned	POST	/_cluster/allocation/explain	/home/ubuntu/OpenSearch/server/src/main/java/org/opensearch/rest/action/admin/cluster/RestClusterAllocationExplainAction.java	65
planned	DELETE	/_cluster/routing/awareness/weights	/home/ubuntu/OpenSearch/server/src/main/java/org/opensearch/rest/action/admin/cluster/RestClusterDeleteWeightedRoutingAction.java	41
planned	DELETE	/_cluster/routing/awareness/{attribute}/weights	/home/ubuntu/OpenSearch/server/src/main/java/org/opensearch/rest/action/admin/cluster/RestClusterDeleteWeightedRoutingAction.java	42
planned	GET	/_cluster/settings	/home/ubuntu/OpenSearch/server/src/main/java/org/opensearch/rest/action/admin/cluster/RestClusterGetSettingsAction.java	82
planned	GET	/_cluster/routing/awareness/{attribute}/weights	/home/ubuntu/OpenSearch/server/src/main/java/org/opensearch/rest/action/admin/cluster/RestClusterGetWeightedRoutingAction.java	38
stubbed	GET	/_cluster/health	/home/ubuntu/OpenSearch/server/src/main/java/org/opensearch/rest/action/admin/cluster/RestClusterHealthAction.java	69
planned	GET	/_cluster/health/{index}	/home/ubuntu/OpenSearch/server/src/main/java/org/opensearch/rest/action/admin/cluster/RestClusterHealthAction.java	69
planned	PUT	/_cluster/routing/awareness/{attribute}/weights	/home/ubuntu/OpenSearch/server/src/main/java/org/opensearch/rest/action/admin/cluster/RestClusterPutWeightedRoutingAction.java	38
planned	POST	/_cluster/reroute	/home/ubuntu/OpenSearch/server/src/main/java/org/opensearch/rest/action/admin/cluster/RestClusterRerouteAction.java	95
planned	GET	/_search_shards	/home/ubuntu/OpenSearch/server/src/main/java/org/opensearch/rest/action/admin/cluster/RestClusterSearchShardsAction.java	64
planned	POST	/_search_shards	/home/ubuntu/OpenSearch/server/src/main/java/org/opensearch/rest/action/admin/cluster/RestClusterSearchShardsAction.java	65
planned	GET	/{index}/_search_shards	/home/ubuntu/OpenSearch/server/src/main/java/org/opensearch/rest/action/admin/cluster/RestClusterSearchShardsAction.java	66
planned	POST	/{index}/_search_shards	/home/ubuntu/OpenSearch/server/src/main/java/org/opensearch/rest/action/admin/cluster/RestClusterSearchShardsAction.java	67
planned	GET	/_cluster/state	/home/ubuntu/OpenSearch/server/src/main/java/org/opensearch/rest/action/admin/cluster/RestClusterStateAction.java	95
planned	GET	/_cluster/state/{metric}	/home/ubuntu/OpenSearch/server/src/main/java/org/opensearch/rest/action/admin/cluster/RestClusterStateAction.java	96
planned	GET	/_cluster/state/{metric}/{indices}	/home/ubuntu/OpenSearch/server/src/main/java/org/opensearch/rest/action/admin/cluster/RestClusterStateAction.java	97
planned	GET	/_cluster/stats	/home/ubuntu/OpenSearch/server/src/main/java/org/opensearch/rest/action/admin/cluster/RestClusterStatsAction.java	70
planned	GET	/_cluster/stats/nodes/{nodeId}	/home/ubuntu/OpenSearch/server/src/main/java/org/opensearch/rest/action/admin/cluster/RestClusterStatsAction.java	71
planned	GET	/_cluster/stats/{metric}/nodes/{nodeId}	/home/ubuntu/OpenSearch/server/src/main/java/org/opensearch/rest/action/admin/cluster/RestClusterStatsAction.java	72
planned	GET	/_cluster/stats/{metric}/{index_metric}/nodes/{nodeId}	/home/ubuntu/OpenSearch/server/src/main/java/org/opensearch/rest/action/admin/cluster/RestClusterStatsAction.java	73
planned	PUT	/_cluster/settings	/home/ubuntu/OpenSearch/server/src/main/java/org/opensearch/rest/action/admin/cluster/RestClusterUpdateSettingsAction.java	67
planned	POST	/_snapshot/{repository}/{snapshot}	/home/ubuntu/OpenSearch/server/src/main/java/org/opensearch/rest/action/admin/cluster/RestCreateSnapshotAction.java	63
planned	PUT	/_snapshot/{repository}/{snapshot}	/home/ubuntu/OpenSearch/server/src/main/java/org/opensearch/rest/action/admin/cluster/RestCreateSnapshotAction.java	63
planned	PUT	/_cluster/decommission/awareness/{awareness_attribute_name}/{awareness_attribute_value}	/home/ubuntu/OpenSearch/server/src/main/java/org/opensearch/rest/action/admin/cluster/RestDecommissionAction.java	35
planned	DELETE	/_cluster/decommission/awareness	/home/ubuntu/OpenSearch/server/src/main/java/org/opensearch/rest/action/admin/cluster/RestDeleteDecommissionStateAction.java	33
planned	DELETE	/_snapshot/{repository}	/home/ubuntu/OpenSearch/server/src/main/java/org/opensearch/rest/action/admin/cluster/RestDeleteRepositoryAction.java	60
planned	DELETE	/_snapshot/{repository}/{snapshot}	/home/ubuntu/OpenSearch/server/src/main/java/org/opensearch/rest/action/admin/cluster/RestDeleteSnapshotAction.java	61
planned	DELETE	/_scripts/{id}	/home/ubuntu/OpenSearch/server/src/main/java/org/opensearch/rest/action/admin/cluster/RestDeleteStoredScriptAction.java	58
planned	GET	/_cluster/decommission/awareness/{awareness_attribute_name}/_status	/home/ubuntu/OpenSearch/server/src/main/java/org/opensearch/rest/action/admin/cluster/RestGetDecommissionStateAction.java	33
planned	GET	/_snapshot	/home/ubuntu/OpenSearch/server/src/main/java/org/opensearch/rest/action/admin/cluster/RestGetRepositoriesAction.java	76
planned	GET	/_snapshot/{repository}	/home/ubuntu/OpenSearch/server/src/main/java/org/opensearch/rest/action/admin/cluster/RestGetRepositoriesAction.java	76
planned	GET	/_script_context	/home/ubuntu/OpenSearch/server/src/main/java/org/opensearch/rest/action/admin/cluster/RestGetScriptContextAction.java	57
planned	GET	/_script_language	/home/ubuntu/OpenSearch/server/src/main/java/org/opensearch/rest/action/admin/cluster/RestGetScriptLanguageAction.java	57
planned	GET	/_snapshot/{repository}/{snapshot}	/home/ubuntu/OpenSearch/server/src/main/java/org/opensearch/rest/action/admin/cluster/RestGetSnapshotsAction.java	61
planned	GET	/_scripts/{id}	/home/ubuntu/OpenSearch/server/src/main/java/org/opensearch/rest/action/admin/cluster/RestGetStoredScriptAction.java	58
planned	GET	/_tasks/{task_id}	/home/ubuntu/OpenSearch/server/src/main/java/org/opensearch/rest/action/admin/cluster/RestGetTaskAction.java	58
planned	GET	/_tasks	/home/ubuntu/OpenSearch/server/src/main/java/org/opensearch/rest/action/admin/cluster/RestListTasksAction.java	75
planned	GET	/_nodes/hot_threads	/home/ubuntu/OpenSearch/server/src/main/java/org/opensearch/rest/action/admin/cluster/RestNodesHotThreadsAction.java	114
planned	GET	/_nodes/{nodeId}/hot_threads	/home/ubuntu/OpenSearch/server/src/main/java/org/opensearch/rest/action/admin/cluster/RestNodesHotThreadsAction.java	114
planned	GET	/_nodes	/home/ubuntu/OpenSearch/server/src/main/java/org/opensearch/rest/action/admin/cluster/RestNodesInfoAction.java	71
planned	GET	/_nodes/{nodeId}	/home/ubuntu/OpenSearch/server/src/main/java/org/opensearch/rest/action/admin/cluster/RestNodesInfoAction.java	73
planned	GET	/_nodes/{nodeId}/{metrics}	/home/ubuntu/OpenSearch/server/src/main/java/org/opensearch/rest/action/admin/cluster/RestNodesInfoAction.java	74
planned	GET	/_nodes/{nodeId}/info/{metrics}	/home/ubuntu/OpenSearch/server/src/main/java/org/opensearch/rest/action/admin/cluster/RestNodesInfoAction.java	76
planned	GET	/_nodes/stats	/home/ubuntu/OpenSearch/server/src/main/java/org/opensearch/rest/action/admin/cluster/RestNodesStatsAction.java	70
planned	GET	/_nodes/{nodeId}/stats	/home/ubuntu/OpenSearch/server/src/main/java/org/opensearch/rest/action/admin/cluster/RestNodesStatsAction.java	71
planned	GET	/_nodes/stats/{metric}	/home/ubuntu/OpenSearch/server/src/main/java/org/opensearch/rest/action/admin/cluster/RestNodesStatsAction.java	72
planned	GET	/_nodes/{nodeId}/stats/{metric}	/home/ubuntu/OpenSearch/server/src/main/java/org/opensearch/rest/action/admin/cluster/RestNodesStatsAction.java	73
planned	GET	/_nodes/stats/{metric}/{index_metric}	/home/ubuntu/OpenSearch/server/src/main/java/org/opensearch/rest/action/admin/cluster/RestNodesStatsAction.java	74
planned	GET	/_nodes/{nodeId}/stats/{metric}/{index_metric}	/home/ubuntu/OpenSearch/server/src/main/java/org/opensearch/rest/action/admin/cluster/RestNodesStatsAction.java	75
planned	GET	/_nodes/usage	/home/ubuntu/OpenSearch/server/src/main/java/org/opensearch/rest/action/admin/cluster/RestNodesUsageAction.java	68
planned	GET	/_nodes/{nodeId}/usage	/home/ubuntu/OpenSearch/server/src/main/java/org/opensearch/rest/action/admin/cluster/RestNodesUsageAction.java	69
planned	GET	/_nodes/usage/{metric}	/home/ubuntu/OpenSearch/server/src/main/java/org/opensearch/rest/action/admin/cluster/RestNodesUsageAction.java	70
planned	GET	/_nodes/{nodeId}/usage/{metric}	/home/ubuntu/OpenSearch/server/src/main/java/org/opensearch/rest/action/admin/cluster/RestNodesUsageAction.java	71
planned	GET	/_cluster/pending_tasks	/home/ubuntu/OpenSearch/server/src/main/java/org/opensearch/rest/action/admin/cluster/RestPendingClusterTasksAction.java	59
planned	POST	/_filecache/prune	/home/ubuntu/OpenSearch/server/src/main/java/org/opensearch/rest/action/admin/cluster/RestPruneCacheAction.java	36
planned	POST	/_snapshot/{repository}	/home/ubuntu/OpenSearch/server/src/main/java/org/opensearch/rest/action/admin/cluster/RestPutRepositoryAction.java	63
planned	PUT	/_snapshot/{repository}	/home/ubuntu/OpenSearch/server/src/main/java/org/opensearch/rest/action/admin/cluster/RestPutRepositoryAction.java	63
planned	POST	/_scripts/{id}	/home/ubuntu/OpenSearch/server/src/main/java/org/opensearch/rest/action/admin/cluster/RestPutStoredScriptAction.java	65
planned	PUT	/_scripts/{id}	/home/ubuntu/OpenSearch/server/src/main/java/org/opensearch/rest/action/admin/cluster/RestPutStoredScriptAction.java	66
planned	POST	/_scripts/{id}/{context}	/home/ubuntu/OpenSearch/server/src/main/java/org/opensearch/rest/action/admin/cluster/RestPutStoredScriptAction.java	67
planned	PUT	/_scripts/{id}/{context}	/home/ubuntu/OpenSearch/server/src/main/java/org/opensearch/rest/action/admin/cluster/RestPutStoredScriptAction.java	68
planned	POST	/_nodes/reload_secure_settings	/home/ubuntu/OpenSearch/server/src/main/java/org/opensearch/rest/action/admin/cluster/RestReloadSecureSettingsAction.java	89
planned	POST	/_nodes/{nodeId}/reload_secure_settings	/home/ubuntu/OpenSearch/server/src/main/java/org/opensearch/rest/action/admin/cluster/RestReloadSecureSettingsAction.java	89
planned	GET	/_remote/info	/home/ubuntu/OpenSearch/server/src/main/java/org/opensearch/rest/action/admin/cluster/RestRemoteClusterInfoAction.java	56
planned	GET	/_remotestore/metadata/{index}	/home/ubuntu/OpenSearch/server/src/main/java/org/opensearch/rest/action/admin/cluster/RestRemoteStoreMetadataAction.java	34
planned	GET	/_remotestore/metadata/{index}/{shard_id}	/home/ubuntu/OpenSearch/server/src/main/java/org/opensearch/rest/action/admin/cluster/RestRemoteStoreMetadataAction.java	34
planned	GET	/_remotestore/stats/{index}	/home/ubuntu/OpenSearch/server/src/main/java/org/opensearch/rest/action/admin/cluster/RestRemoteStoreStatsAction.java	35
planned	GET	/_remotestore/stats/{index}/{shard_id}	/home/ubuntu/OpenSearch/server/src/main/java/org/opensearch/rest/action/admin/cluster/RestRemoteStoreStatsAction.java	35
planned	POST	/_remotestore/_restore	/home/ubuntu/OpenSearch/server/src/main/java/org/opensearch/rest/action/admin/cluster/RestRestoreRemoteStoreAction.java	32
planned	POST	/_snapshot/{repository}/{snapshot}/_restore	/home/ubuntu/OpenSearch/server/src/main/java/org/opensearch/rest/action/admin/cluster/RestRestoreSnapshotAction.java	60
planned	GET	/_snapshot/{repository}/{snapshot}/{index}/_status	/home/ubuntu/OpenSearch/server/src/main/java/org/opensearch/rest/action/admin/cluster/RestSnapshotsStatusAction.java	64
planned	GET	/_snapshot/{repository}/{snapshot}/_status	/home/ubuntu/OpenSearch/server/src/main/java/org/opensearch/rest/action/admin/cluster/RestSnapshotsStatusAction.java	65
planned	GET	/_snapshot/{repository}/_status	/home/ubuntu/OpenSearch/server/src/main/java/org/opensearch/rest/action/admin/cluster/RestSnapshotsStatusAction.java	66
planned	GET	/_snapshot/_status	/home/ubuntu/OpenSearch/server/src/main/java/org/opensearch/rest/action/admin/cluster/RestSnapshotsStatusAction.java	67
planned	POST	/_snapshot/{repository}/_verify	/home/ubuntu/OpenSearch/server/src/main/java/org/opensearch/rest/action/admin/cluster/RestVerifyRepositoryAction.java	60
planned	GET	_wlm/stats	/home/ubuntu/OpenSearch/server/src/main/java/org/opensearch/rest/action/admin/cluster/RestWlmStatsAction.java	62
planned	GET	_wlm/{nodeId}/stats	/home/ubuntu/OpenSearch/server/src/main/java/org/opensearch/rest/action/admin/cluster/RestWlmStatsAction.java	63
planned	GET	_wlm/stats/{workloadGroupId}	/home/ubuntu/OpenSearch/server/src/main/java/org/opensearch/rest/action/admin/cluster/RestWlmStatsAction.java	64
planned	GET	_wlm/{nodeId}/stats/{workloadGroupId}	/home/ubuntu/OpenSearch/server/src/main/java/org/opensearch/rest/action/admin/cluster/RestWlmStatsAction.java	65
planned	GET	_list/wlm_stats	/home/ubuntu/OpenSearch/server/src/main/java/org/opensearch/rest/action/admin/cluster/RestWlmStatsAction.java	66
planned	GET	_list/wlm_stats/{nodeId}/stats	/home/ubuntu/OpenSearch/server/src/main/java/org/opensearch/rest/action/admin/cluster/RestWlmStatsAction.java	67
planned	GET	_list/wlm_stats/stats/{workloadGroupId}	/home/ubuntu/OpenSearch/server/src/main/java/org/opensearch/rest/action/admin/cluster/RestWlmStatsAction.java	68
planned	GET	_list/wlm_stats/{nodeId}/stats/{workloadGroupId}	/home/ubuntu/OpenSearch/server/src/main/java/org/opensearch/rest/action/admin/cluster/RestWlmStatsAction.java	69
planned	DELETE	/_dangling/{index_uuid}	/home/ubuntu/OpenSearch/server/src/main/java/org/opensearch/rest/action/admin/cluster/dangling/RestDeleteDanglingIndexAction.java	62
planned	POST	/_dangling/{index_uuid}	/home/ubuntu/OpenSearch/server/src/main/java/org/opensearch/rest/action/admin/cluster/dangling/RestImportDanglingIndexAction.java	61
planned	GET	/_dangling	/home/ubuntu/OpenSearch/server/src/main/java/org/opensearch/rest/action/admin/cluster/dangling/RestListDanglingIndicesAction.java	55
planned	PUT	/{index}/_block/{block}	/home/ubuntu/OpenSearch/server/src/main/java/org/opensearch/rest/action/admin/indices/RestAddIndexBlockAction.java	62
planned	GET	/_analyze	/home/ubuntu/OpenSearch/server/src/main/java/org/opensearch/rest/action/admin/indices/RestAnalyzeAction.java	78
planned	POST	/_analyze	/home/ubuntu/OpenSearch/server/src/main/java/org/opensearch/rest/action/admin/indices/RestAnalyzeAction.java	79
planned	GET	/{index}/_analyze	/home/ubuntu/OpenSearch/server/src/main/java/org/opensearch/rest/action/admin/indices/RestAnalyzeAction.java	80
planned	POST	/{index}/_analyze	/home/ubuntu/OpenSearch/server/src/main/java/org/opensearch/rest/action/admin/indices/RestAnalyzeAction.java	81
planned	POST	/_cache/clear	/home/ubuntu/OpenSearch/server/src/main/java/org/opensearch/rest/action/admin/indices/RestClearIndicesCacheAction.java	59
planned	POST	/{index}/_cache/clear	/home/ubuntu/OpenSearch/server/src/main/java/org/opensearch/rest/action/admin/indices/RestClearIndicesCacheAction.java	59
planned	POST	/_close	/home/ubuntu/OpenSearch/server/src/main/java/org/opensearch/rest/action/admin/indices/RestCloseIndexAction.java	63
planned	POST	/{index}/_close	/home/ubuntu/OpenSearch/server/src/main/java/org/opensearch/rest/action/admin/indices/RestCloseIndexAction.java	63
planned	PUT	/_data_stream/{name}	/home/ubuntu/OpenSearch/server/src/main/java/org/opensearch/rest/action/admin/indices/RestCreateDataStreamAction.java	58
stubbed	PUT	/{index}	/home/ubuntu/OpenSearch/server/src/main/java/org/opensearch/rest/action/admin/indices/RestCreateIndexAction.java	66
planned	GET	/_data_stream/_stats	/home/ubuntu/OpenSearch/server/src/main/java/org/opensearch/rest/action/admin/indices/RestDataStreamsStatsAction.java	61
planned	GET	/_data_stream/{name}/_stats	/home/ubuntu/OpenSearch/server/src/main/java/org/opensearch/rest/action/admin/indices/RestDataStreamsStatsAction.java	62
planned	DELETE	/_component_template/{name}	/home/ubuntu/OpenSearch/server/src/main/java/org/opensearch/rest/action/admin/indices/RestDeleteComponentTemplateAction.java	59
planned	DELETE	/_index_template/{name}	/home/ubuntu/OpenSearch/server/src/main/java/org/opensearch/rest/action/admin/indices/RestDeleteComposableIndexTemplateAction.java	59
planned	DELETE	/_data_stream/{name}	/home/ubuntu/OpenSearch/server/src/main/java/org/opensearch/rest/action/admin/indices/RestDeleteDataStreamAction.java	59
planned	DELETE	/	/home/ubuntu/OpenSearch/server/src/main/java/org/opensearch/rest/action/admin/indices/RestDeleteIndexAction.java	62
stubbed	DELETE	/{index}	/home/ubuntu/OpenSearch/server/src/main/java/org/opensearch/rest/action/admin/indices/RestDeleteIndexAction.java	62
planned	DELETE	/_template/{name}	/home/ubuntu/OpenSearch/server/src/main/java/org/opensearch/rest/action/admin/indices/RestDeleteIndexTemplateAction.java	58
planned	GET	/_flush	/home/ubuntu/OpenSearch/server/src/main/java/org/opensearch/rest/action/admin/indices/RestFlushAction.java	62
planned	POST	/_flush	/home/ubuntu/OpenSearch/server/src/main/java/org/opensearch/rest/action/admin/indices/RestFlushAction.java	63
planned	GET	/{index}/_flush	/home/ubuntu/OpenSearch/server/src/main/java/org/opensearch/rest/action/admin/indices/RestFlushAction.java	64
planned	POST	/{index}/_flush	/home/ubuntu/OpenSearch/server/src/main/java/org/opensearch/rest/action/admin/indices/RestFlushAction.java	65
planned	POST	/_forcemerge	/home/ubuntu/OpenSearch/server/src/main/java/org/opensearch/rest/action/admin/indices/RestForceMergeAction.java	64
planned	POST	/{index}/_forcemerge	/home/ubuntu/OpenSearch/server/src/main/java/org/opensearch/rest/action/admin/indices/RestForceMergeAction.java	64
planned	GET	/_alias	/home/ubuntu/OpenSearch/server/src/main/java/org/opensearch/rest/action/admin/indices/RestGetAliasesAction.java	77
planned	GET	/_aliases	/home/ubuntu/OpenSearch/server/src/main/java/org/opensearch/rest/action/admin/indices/RestGetAliasesAction.java	78
planned	GET	/_alias/{name}	/home/ubuntu/OpenSearch/server/src/main/java/org/opensearch/rest/action/admin/indices/RestGetAliasesAction.java	79
planned	HEAD	/_alias/{name}	/home/ubuntu/OpenSearch/server/src/main/java/org/opensearch/rest/action/admin/indices/RestGetAliasesAction.java	80
planned	GET	/{index}/_alias	/home/ubuntu/OpenSearch/server/src/main/java/org/opensearch/rest/action/admin/indices/RestGetAliasesAction.java	81
planned	HEAD	/{index}/_alias	/home/ubuntu/OpenSearch/server/src/main/java/org/opensearch/rest/action/admin/indices/RestGetAliasesAction.java	82
planned	GET	/{index}/_alias/{name}	/home/ubuntu/OpenSearch/server/src/main/java/org/opensearch/rest/action/admin/indices/RestGetAliasesAction.java	83
planned	HEAD	/{index}/_alias/{name}	/home/ubuntu/OpenSearch/server/src/main/java/org/opensearch/rest/action/admin/indices/RestGetAliasesAction.java	84
planned	GET	/_component_template	/home/ubuntu/OpenSearch/server/src/main/java/org/opensearch/rest/action/admin/indices/RestGetComponentTemplateAction.java	66
planned	GET	/_component_template/{name}	/home/ubuntu/OpenSearch/server/src/main/java/org/opensearch/rest/action/admin/indices/RestGetComponentTemplateAction.java	67
planned	HEAD	/_component_template/{name}	/home/ubuntu/OpenSearch/server/src/main/java/org/opensearch/rest/action/admin/indices/RestGetComponentTemplateAction.java	68
planned	GET	/_index_template	/home/ubuntu/OpenSearch/server/src/main/java/org/opensearch/rest/action/admin/indices/RestGetComposableIndexTemplateAction.java	66
planned	GET	/_index_template/{name}	/home/ubuntu/OpenSearch/server/src/main/java/org/opensearch/rest/action/admin/indices/RestGetComposableIndexTemplateAction.java	67
planned	HEAD	/_index_template/{name}	/home/ubuntu/OpenSearch/server/src/main/java/org/opensearch/rest/action/admin/indices/RestGetComposableIndexTemplateAction.java	68
planned	GET	/_data_stream	/home/ubuntu/OpenSearch/server/src/main/java/org/opensearch/rest/action/admin/indices/RestGetDataStreamsAction.java	58
planned	GET	/_data_stream/{name}	/home/ubuntu/OpenSearch/server/src/main/java/org/opensearch/rest/action/admin/indices/RestGetDataStreamsAction.java	58
planned	GET	/_mapping/field/{fields}	/home/ubuntu/OpenSearch/server/src/main/java/org/opensearch/rest/action/admin/indices/RestGetFieldMappingAction.java	73
planned	GET	/{index}/_mapping/field/{fields}	/home/ubuntu/OpenSearch/server/src/main/java/org/opensearch/rest/action/admin/indices/RestGetFieldMappingAction.java	73
planned	GET	/_template	/home/ubuntu/OpenSearch/server/src/main/java/org/opensearch/rest/action/admin/indices/RestGetIndexTemplateAction.java	69
planned	GET	/_template/{name}	/home/ubuntu/OpenSearch/server/src/main/java/org/opensearch/rest/action/admin/indices/RestGetIndexTemplateAction.java	69
planned	HEAD	/_template/{name}	/home/ubuntu/OpenSearch/server/src/main/java/org/opensearch/rest/action/admin/indices/RestGetIndexTemplateAction.java	69
stubbed	GET	/{index}	/home/ubuntu/OpenSearch/server/src/main/java/org/opensearch/rest/action/admin/indices/RestGetIndicesAction.java	65
planned	HEAD	/{index}	/home/ubuntu/OpenSearch/server/src/main/java/org/opensearch/rest/action/admin/indices/RestGetIndicesAction.java	65
planned	GET	/{index}/ingestion/_state	/home/ubuntu/OpenSearch/server/src/main/java/org/opensearch/rest/action/admin/indices/RestGetIngestionStateAction.java	40
planned	GET	/_mapping	/home/ubuntu/OpenSearch/server/src/main/java/org/opensearch/rest/action/admin/indices/RestGetMappingAction.java	85
planned	GET	/_mappings	/home/ubuntu/OpenSearch/server/src/main/java/org/opensearch/rest/action/admin/indices/RestGetMappingAction.java	86
planned	GET	/{index}/_mapping	/home/ubuntu/OpenSearch/server/src/main/java/org/opensearch/rest/action/admin/indices/RestGetMappingAction.java	87
planned	GET	/{index}/_mappings	/home/ubuntu/OpenSearch/server/src/main/java/org/opensearch/rest/action/admin/indices/RestGetMappingAction.java	88
planned	GET	/_settings	/home/ubuntu/OpenSearch/server/src/main/java/org/opensearch/rest/action/admin/indices/RestGetSettingsAction.java	64
planned	GET	/_settings/{name}	/home/ubuntu/OpenSearch/server/src/main/java/org/opensearch/rest/action/admin/indices/RestGetSettingsAction.java	65
planned	GET	/{index}/_settings	/home/ubuntu/OpenSearch/server/src/main/java/org/opensearch/rest/action/admin/indices/RestGetSettingsAction.java	66
planned	GET	/{index}/_settings/{name}	/home/ubuntu/OpenSearch/server/src/main/java/org/opensearch/rest/action/admin/indices/RestGetSettingsAction.java	67
planned	GET	/{index}/_setting/{name}	/home/ubuntu/OpenSearch/server/src/main/java/org/opensearch/rest/action/admin/indices/RestGetSettingsAction.java	68
planned	DELETE	/{index}/_alias/{name}	/home/ubuntu/OpenSearch/server/src/main/java/org/opensearch/rest/action/admin/indices/RestIndexDeleteAliasesAction.java	61
planned	DELETE	/{index}/_aliases/{name}	/home/ubuntu/OpenSearch/server/src/main/java/org/opensearch/rest/action/admin/indices/RestIndexDeleteAliasesAction.java	61
planned	POST	/{index}/_alias/{name}	/home/ubuntu/OpenSearch/server/src/main/java/org/opensearch/rest/action/admin/indices/RestIndexPutAliasAction.java	66
planned	PUT	/{index}/_alias/{name}	/home/ubuntu/OpenSearch/server/src/main/java/org/opensearch/rest/action/admin/indices/RestIndexPutAliasAction.java	67
planned	POST	/_alias/{name}	/home/ubuntu/OpenSearch/server/src/main/java/org/opensearch/rest/action/admin/indices/RestIndexPutAliasAction.java	68
planned	PUT	/_alias/{name}	/home/ubuntu/OpenSearch/server/src/main/java/org/opensearch/rest/action/admin/indices/RestIndexPutAliasAction.java	69
planned	POST	/{index}/_aliases/{name}	/home/ubuntu/OpenSearch/server/src/main/java/org/opensearch/rest/action/admin/indices/RestIndexPutAliasAction.java	70
planned	PUT	/{index}/_aliases/{name}	/home/ubuntu/OpenSearch/server/src/main/java/org/opensearch/rest/action/admin/indices/RestIndexPutAliasAction.java	71
planned	POST	/_aliases/{name}	/home/ubuntu/OpenSearch/server/src/main/java/org/opensearch/rest/action/admin/indices/RestIndexPutAliasAction.java	72
planned	PUT	/_aliases/{name}	/home/ubuntu/OpenSearch/server/src/main/java/org/opensearch/rest/action/admin/indices/RestIndexPutAliasAction.java	73
planned	PUT	/{index}/_alias	/home/ubuntu/OpenSearch/server/src/main/java/org/opensearch/rest/action/admin/indices/RestIndexPutAliasAction.java	74
planned	PUT	/{index}/_aliases	/home/ubuntu/OpenSearch/server/src/main/java/org/opensearch/rest/action/admin/indices/RestIndexPutAliasAction.java	75
planned	PUT	/_alias	/home/ubuntu/OpenSearch/server/src/main/java/org/opensearch/rest/action/admin/indices/RestIndexPutAliasAction.java	76
planned	POST	/_aliases	/home/ubuntu/OpenSearch/server/src/main/java/org/opensearch/rest/action/admin/indices/RestIndicesAliasesAction.java	65
planned	GET	/_segments	/home/ubuntu/OpenSearch/server/src/main/java/org/opensearch/rest/action/admin/indices/RestIndicesSegmentsAction.java	59
planned	GET	/{index}/_segments	/home/ubuntu/OpenSearch/server/src/main/java/org/opensearch/rest/action/admin/indices/RestIndicesSegmentsAction.java	59
planned	GET	/_shard_stores	/home/ubuntu/OpenSearch/server/src/main/java/org/opensearch/rest/action/admin/indices/RestIndicesShardStoresAction.java	65
planned	GET	/{index}/_shard_stores	/home/ubuntu/OpenSearch/server/src/main/java/org/opensearch/rest/action/admin/indices/RestIndicesShardStoresAction.java	65
planned	GET	/_stats	/home/ubuntu/OpenSearch/server/src/main/java/org/opensearch/rest/action/admin/indices/RestIndicesStatsAction.java	70
planned	GET	/_stats/{metric}	/home/ubuntu/OpenSearch/server/src/main/java/org/opensearch/rest/action/admin/indices/RestIndicesStatsAction.java	71
planned	GET	/{index}/_stats	/home/ubuntu/OpenSearch/server/src/main/java/org/opensearch/rest/action/admin/indices/RestIndicesStatsAction.java	72
planned	GET	/{index}/_stats/{metric}	/home/ubuntu/OpenSearch/server/src/main/java/org/opensearch/rest/action/admin/indices/RestIndicesStatsAction.java	73
planned	POST	/_open	/home/ubuntu/OpenSearch/server/src/main/java/org/opensearch/rest/action/admin/indices/RestOpenIndexAction.java	67
planned	POST	/{index}/_open	/home/ubuntu/OpenSearch/server/src/main/java/org/opensearch/rest/action/admin/indices/RestOpenIndexAction.java	67
planned	POST	/{index}/ingestion/_pause	/home/ubuntu/OpenSearch/server/src/main/java/org/opensearch/rest/action/admin/indices/RestPauseIngestionAction.java	40
planned	POST	/_component_template/{name}	/home/ubuntu/OpenSearch/server/src/main/java/org/opensearch/rest/action/admin/indices/RestPutComponentTemplateAction.java	61
planned	PUT	/_component_template/{name}	/home/ubuntu/OpenSearch/server/src/main/java/org/opensearch/rest/action/admin/indices/RestPutComponentTemplateAction.java	61
planned	POST	/_index_template/{name}	/home/ubuntu/OpenSearch/server/src/main/java/org/opensearch/rest/action/admin/indices/RestPutComposableIndexTemplateAction.java	61
planned	PUT	/_index_template/{name}	/home/ubuntu/OpenSearch/server/src/main/java/org/opensearch/rest/action/admin/indices/RestPutComposableIndexTemplateAction.java	61
planned	POST	/_template/{name}	/home/ubuntu/OpenSearch/server/src/main/java/org/opensearch/rest/action/admin/indices/RestPutIndexTemplateAction.java	65
planned	PUT	/_template/{name}	/home/ubuntu/OpenSearch/server/src/main/java/org/opensearch/rest/action/admin/indices/RestPutIndexTemplateAction.java	65
planned	POST	/{index}/_mapping	/home/ubuntu/OpenSearch/server/src/main/java/org/opensearch/rest/action/admin/indices/RestPutMappingAction.java	69
planned	PUT	/{index}/_mapping	/home/ubuntu/OpenSearch/server/src/main/java/org/opensearch/rest/action/admin/indices/RestPutMappingAction.java	70
planned	POST	/{index}/_mappings	/home/ubuntu/OpenSearch/server/src/main/java/org/opensearch/rest/action/admin/indices/RestPutMappingAction.java	71
planned	PUT	/{index}/_mappings	/home/ubuntu/OpenSearch/server/src/main/java/org/opensearch/rest/action/admin/indices/RestPutMappingAction.java	72
planned	GET	/_recovery	/home/ubuntu/OpenSearch/server/src/main/java/org/opensearch/rest/action/admin/indices/RestRecoveryAction.java	59
planned	GET	/{index}/_recovery	/home/ubuntu/OpenSearch/server/src/main/java/org/opensearch/rest/action/admin/indices/RestRecoveryAction.java	59
planned	GET	/_refresh	/home/ubuntu/OpenSearch/server/src/main/java/org/opensearch/rest/action/admin/indices/RestRefreshAction.java	64
planned	POST	/_refresh	/home/ubuntu/OpenSearch/server/src/main/java/org/opensearch/rest/action/admin/indices/RestRefreshAction.java	65
planned	GET	/{index}/_refresh	/home/ubuntu/OpenSearch/server/src/main/java/org/opensearch/rest/action/admin/indices/RestRefreshAction.java	66
planned	POST	/{index}/_refresh	/home/ubuntu/OpenSearch/server/src/main/java/org/opensearch/rest/action/admin/indices/RestRefreshAction.java	67
planned	POST	/{index}/_shrink/{target}	/home/ubuntu/OpenSearch/server/src/main/java/org/opensearch/rest/action/admin/indices/RestResizeHandler.java	142
planned	PUT	/{index}/_shrink/{target}	/home/ubuntu/OpenSearch/server/src/main/java/org/opensearch/rest/action/admin/indices/RestResizeHandler.java	142
planned	POST	/{index}/_split/{target}	/home/ubuntu/OpenSearch/server/src/main/java/org/opensearch/rest/action/admin/indices/RestResizeHandler.java	166
planned	PUT	/{index}/_split/{target}	/home/ubuntu/OpenSearch/server/src/main/java/org/opensearch/rest/action/admin/indices/RestResizeHandler.java	166
planned	POST	/{index}/_clone/{target}	/home/ubuntu/OpenSearch/server/src/main/java/org/opensearch/rest/action/admin/indices/RestResizeHandler.java	190
planned	PUT	/{index}/_clone/{target}	/home/ubuntu/OpenSearch/server/src/main/java/org/opensearch/rest/action/admin/indices/RestResizeHandler.java	190
planned	GET	/_resolve/index/{name}	/home/ubuntu/OpenSearch/server/src/main/java/org/opensearch/rest/action/admin/indices/RestResolveIndexAction.java	60
planned	POST	/{index}/ingestion/_resume	/home/ubuntu/OpenSearch/server/src/main/java/org/opensearch/rest/action/admin/indices/RestResumeIngestionAction.java	37
planned	POST	/{index}/_rollover	/home/ubuntu/OpenSearch/server/src/main/java/org/opensearch/rest/action/admin/indices/RestRolloverIndexAction.java	63
planned	POST	/{index}/_rollover/{new_index}	/home/ubuntu/OpenSearch/server/src/main/java/org/opensearch/rest/action/admin/indices/RestRolloverIndexAction.java	63
planned	POST	/{index}/_scale	/home/ubuntu/OpenSearch/server/src/main/java/org/opensearch/rest/action/admin/indices/RestScaleIndexAction.java	35
planned	POST	/_index_template/_simulate_index/{name}	/home/ubuntu/OpenSearch/server/src/main/java/org/opensearch/rest/action/admin/indices/RestSimulateIndexTemplateAction.java	61
planned	POST	/_index_template/_simulate	/home/ubuntu/OpenSearch/server/src/main/java/org/opensearch/rest/action/admin/indices/RestSimulateTemplateAction.java	60
planned	POST	/_index_template/_simulate/{name}	/home/ubuntu/OpenSearch/server/src/main/java/org/opensearch/rest/action/admin/indices/RestSimulateTemplateAction.java	60
planned	GET	/_flush/synced	/home/ubuntu/OpenSearch/server/src/main/java/org/opensearch/rest/action/admin/indices/RestSyncedFlushAction.java	74
planned	POST	/_flush/synced	/home/ubuntu/OpenSearch/server/src/main/java/org/opensearch/rest/action/admin/indices/RestSyncedFlushAction.java	75
planned	GET	/{index}/_flush/synced	/home/ubuntu/OpenSearch/server/src/main/java/org/opensearch/rest/action/admin/indices/RestSyncedFlushAction.java	76
planned	POST	/{index}/_flush/synced	/home/ubuntu/OpenSearch/server/src/main/java/org/opensearch/rest/action/admin/indices/RestSyncedFlushAction.java	77
planned	PUT	/_settings	/home/ubuntu/OpenSearch/server/src/main/java/org/opensearch/rest/action/admin/indices/RestUpdateSettingsAction.java	65
planned	PUT	/{index}/_settings	/home/ubuntu/OpenSearch/server/src/main/java/org/opensearch/rest/action/admin/indices/RestUpdateSettingsAction.java	65
planned	POST	/_upgrade	/home/ubuntu/OpenSearch/server/src/main/java/org/opensearch/rest/action/admin/indices/RestUpgradeAction.java	59
planned	POST	/{index}/_upgrade	/home/ubuntu/OpenSearch/server/src/main/java/org/opensearch/rest/action/admin/indices/RestUpgradeAction.java	59
planned	GET	/_upgrade	/home/ubuntu/OpenSearch/server/src/main/java/org/opensearch/rest/action/admin/indices/RestUpgradeStatusAction.java	59
planned	GET	/{index}/_upgrade	/home/ubuntu/OpenSearch/server/src/main/java/org/opensearch/rest/action/admin/indices/RestUpgradeStatusAction.java	59
planned	GET	/_validate/query	/home/ubuntu/OpenSearch/server/src/main/java/org/opensearch/rest/action/admin/indices/RestValidateQueryAction.java	69
planned	POST	/_validate/query	/home/ubuntu/OpenSearch/server/src/main/java/org/opensearch/rest/action/admin/indices/RestValidateQueryAction.java	70
planned	GET	/{index}/_validate/query	/home/ubuntu/OpenSearch/server/src/main/java/org/opensearch/rest/action/admin/indices/RestValidateQueryAction.java	71
planned	POST	/{index}/_validate/query	/home/ubuntu/OpenSearch/server/src/main/java/org/opensearch/rest/action/admin/indices/RestValidateQueryAction.java	72
planned	GET	/_cat/aliases	/home/ubuntu/OpenSearch/server/src/main/java/org/opensearch/rest/action/cat/RestAliasAction.java	61
planned	GET	/_cat/aliases/{alias}	/home/ubuntu/OpenSearch/server/src/main/java/org/opensearch/rest/action/cat/RestAliasAction.java	61
planned	GET	/_cat/allocation	/home/ubuntu/OpenSearch/server/src/main/java/org/opensearch/rest/action/cat/RestAllocationAction.java	72
planned	GET	/_cat/allocation/{nodes}	/home/ubuntu/OpenSearch/server/src/main/java/org/opensearch/rest/action/cat/RestAllocationAction.java	72
planned	GET	/_cat	/home/ubuntu/OpenSearch/server/src/main/java/org/opensearch/rest/action/cat/RestCatAction.java	69
planned	GET	/_cat/recovery	/home/ubuntu/OpenSearch/server/src/main/java/org/opensearch/rest/action/cat/RestCatRecoveryAction.java	72
planned	GET	/_cat/recovery/{index}	/home/ubuntu/OpenSearch/server/src/main/java/org/opensearch/rest/action/cat/RestCatRecoveryAction.java	72
planned	GET	/_cat/count	/home/ubuntu/OpenSearch/server/src/main/java/org/opensearch/rest/action/cat/RestCountAction.java	65
planned	GET	/_cat/count/{index}	/home/ubuntu/OpenSearch/server/src/main/java/org/opensearch/rest/action/cat/RestCountAction.java	65
planned	GET	/_cat/fielddata	/home/ubuntu/OpenSearch/server/src/main/java/org/opensearch/rest/action/cat/RestFielddataAction.java	60
planned	GET	/_cat/fielddata/{fields}	/home/ubuntu/OpenSearch/server/src/main/java/org/opensearch/rest/action/cat/RestFielddataAction.java	60
planned	GET	/_cat/health	/home/ubuntu/OpenSearch/server/src/main/java/org/opensearch/rest/action/cat/RestHealthAction.java	58
planned	GET	/_cat/indices	/home/ubuntu/OpenSearch/server/src/main/java/org/opensearch/rest/action/cat/RestIndicesAction.java	117
planned	GET	/_cat/indices/{index}	/home/ubuntu/OpenSearch/server/src/main/java/org/opensearch/rest/action/cat/RestIndicesAction.java	117
planned	GET	/_cat/nodeattrs	/home/ubuntu/OpenSearch/server/src/main/java/org/opensearch/rest/action/cat/RestNodeAttrsAction.java	69
planned	GET	/_cat/nodes	/home/ubuntu/OpenSearch/server/src/main/java/org/opensearch/rest/action/cat/RestNodesAction.java	98
planned	GET	/_cat/pending_tasks	/home/ubuntu/OpenSearch/server/src/main/java/org/opensearch/rest/action/cat/RestPendingClusterTasksAction.java	61
planned	GET	/_cat/pit_segments	/home/ubuntu/OpenSearch/server/src/main/java/org/opensearch/rest/action/cat/RestPitSegmentsAction.java	49
planned	GET	/_cat/pit_segments/_all	/home/ubuntu/OpenSearch/server/src/main/java/org/opensearch/rest/action/cat/RestPitSegmentsAction.java	49
planned	GET	/_cat/plugins	/home/ubuntu/OpenSearch/server/src/main/java/org/opensearch/rest/action/cat/RestPluginsAction.java	68
planned	GET	/_cat/repositories	/home/ubuntu/OpenSearch/server/src/main/java/org/opensearch/rest/action/cat/RestRepositoriesAction.java	61
planned	GET	/_cat/segments	/home/ubuntu/OpenSearch/server/src/main/java/org/opensearch/rest/action/cat/RestSegmentsAction.java	81
planned	GET	/_cat/segments/{index}	/home/ubuntu/OpenSearch/server/src/main/java/org/opensearch/rest/action/cat/RestSegmentsAction.java	81
planned	GET	/_cat/shards	/home/ubuntu/OpenSearch/server/src/main/java/org/opensearch/rest/action/cat/RestShardsAction.java	92
planned	GET	/_cat/shards/{index}	/home/ubuntu/OpenSearch/server/src/main/java/org/opensearch/rest/action/cat/RestShardsAction.java	92
planned	GET	/_cat/snapshots	/home/ubuntu/OpenSearch/server/src/main/java/org/opensearch/rest/action/cat/RestSnapshotAction.java	68
planned	GET	/_cat/snapshots/{repository}	/home/ubuntu/OpenSearch/server/src/main/java/org/opensearch/rest/action/cat/RestSnapshotAction.java	68
planned	GET	/_cat/tasks	/home/ubuntu/OpenSearch/server/src/main/java/org/opensearch/rest/action/cat/RestTasksAction.java	79
planned	GET	/_cat/templates	/home/ubuntu/OpenSearch/server/src/main/java/org/opensearch/rest/action/cat/RestTemplatesAction.java	66
planned	GET	/_cat/templates/{name}	/home/ubuntu/OpenSearch/server/src/main/java/org/opensearch/rest/action/cat/RestTemplatesAction.java	66
planned	GET	/_cat/thread_pool	/home/ubuntu/OpenSearch/server/src/main/java/org/opensearch/rest/action/cat/RestThreadPoolAction.java	81
planned	GET	/_cat/thread_pool/{thread_pool_patterns}	/home/ubuntu/OpenSearch/server/src/main/java/org/opensearch/rest/action/cat/RestThreadPoolAction.java	81
planned	POST	/_bulk	/home/ubuntu/OpenSearch/server/src/main/java/org/opensearch/rest/action/document/RestBulkAction.java	77
planned	POST	/{index}/_bulk	/home/ubuntu/OpenSearch/server/src/main/java/org/opensearch/rest/action/document/RestBulkAction.java	77
planned	PUT	/_bulk	/home/ubuntu/OpenSearch/server/src/main/java/org/opensearch/rest/action/document/RestBulkAction.java	77
planned	PUT	/{index}/_bulk	/home/ubuntu/OpenSearch/server/src/main/java/org/opensearch/rest/action/document/RestBulkAction.java	77
planned	POST	/_bulk/stream	/home/ubuntu/OpenSearch/server/src/main/java/org/opensearch/rest/action/document/RestBulkStreamingAction.java	77
planned	PUT	/_bulk/stream	/home/ubuntu/OpenSearch/server/src/main/java/org/opensearch/rest/action/document/RestBulkStreamingAction.java	78
planned	POST	/{index}/_bulk/stream	/home/ubuntu/OpenSearch/server/src/main/java/org/opensearch/rest/action/document/RestBulkStreamingAction.java	79
planned	PUT	/{index}/_bulk/stream	/home/ubuntu/OpenSearch/server/src/main/java/org/opensearch/rest/action/document/RestBulkStreamingAction.java	80
planned	DELETE	/{index}/_doc/{id}	/home/ubuntu/OpenSearch/server/src/main/java/org/opensearch/rest/action/document/RestDeleteAction.java	60
stubbed	GET	/{index}/_doc/{id}	/home/ubuntu/OpenSearch/server/src/main/java/org/opensearch/rest/action/document/RestGetAction.java	71
planned	HEAD	/{index}/_doc/{id}	/home/ubuntu/OpenSearch/server/src/main/java/org/opensearch/rest/action/document/RestGetAction.java	71
planned	GET	/{index}/_source/{id}	/home/ubuntu/OpenSearch/server/src/main/java/org/opensearch/rest/action/document/RestGetSourceAction.java	70
planned	HEAD	/{index}/_source/{id}	/home/ubuntu/OpenSearch/server/src/main/java/org/opensearch/rest/action/document/RestGetSourceAction.java	70
planned	POST	/{index}/_doc/{id}	/home/ubuntu/OpenSearch/server/src/main/java/org/opensearch/rest/action/document/RestIndexAction.java	65
stubbed	PUT	/{index}/_doc/{id}	/home/ubuntu/OpenSearch/server/src/main/java/org/opensearch/rest/action/document/RestIndexAction.java	65
planned	POST	/{index}/_create/{id}	/home/ubuntu/OpenSearch/server/src/main/java/org/opensearch/rest/action/document/RestIndexAction.java	87
planned	PUT	/{index}/_create/{id}	/home/ubuntu/OpenSearch/server/src/main/java/org/opensearch/rest/action/document/RestIndexAction.java	87
planned	POST	/{index}/_doc	/home/ubuntu/OpenSearch/server/src/main/java/org/opensearch/rest/action/document/RestIndexAction.java	124
planned	GET	/_mget	/home/ubuntu/OpenSearch/server/src/main/java/org/opensearch/rest/action/document/RestMultiGetAction.java	68
planned	GET	/{index}/_mget	/home/ubuntu/OpenSearch/server/src/main/java/org/opensearch/rest/action/document/RestMultiGetAction.java	68
planned	POST	/_mget	/home/ubuntu/OpenSearch/server/src/main/java/org/opensearch/rest/action/document/RestMultiGetAction.java	68
planned	POST	/{index}/_mget	/home/ubuntu/OpenSearch/server/src/main/java/org/opensearch/rest/action/document/RestMultiGetAction.java	68
planned	GET	/_mtermvectors	/home/ubuntu/OpenSearch/server/src/main/java/org/opensearch/rest/action/document/RestMultiTermVectorsAction.java	62
planned	POST	/_mtermvectors	/home/ubuntu/OpenSearch/server/src/main/java/org/opensearch/rest/action/document/RestMultiTermVectorsAction.java	63
planned	GET	/{index}/_mtermvectors	/home/ubuntu/OpenSearch/server/src/main/java/org/opensearch/rest/action/document/RestMultiTermVectorsAction.java	64
planned	POST	/{index}/_mtermvectors	/home/ubuntu/OpenSearch/server/src/main/java/org/opensearch/rest/action/document/RestMultiTermVectorsAction.java	65
planned	GET	/{index}/_termvectors	/home/ubuntu/OpenSearch/server/src/main/java/org/opensearch/rest/action/document/RestTermVectorsAction.java	68
planned	POST	/{index}/_termvectors	/home/ubuntu/OpenSearch/server/src/main/java/org/opensearch/rest/action/document/RestTermVectorsAction.java	69
planned	GET	/{index}/_termvectors/{id}	/home/ubuntu/OpenSearch/server/src/main/java/org/opensearch/rest/action/document/RestTermVectorsAction.java	70
planned	POST	/{index}/_termvectors/{id}	/home/ubuntu/OpenSearch/server/src/main/java/org/opensearch/rest/action/document/RestTermVectorsAction.java	71
planned	POST	/{index}/_update/{id}	/home/ubuntu/OpenSearch/server/src/main/java/org/opensearch/rest/action/document/RestUpdateAction.java	64
planned	DELETE	/_ingest/pipeline/{id}	/home/ubuntu/OpenSearch/server/src/main/java/org/opensearch/rest/action/ingest/RestDeletePipelineAction.java	58
planned	GET	/_ingest/pipeline	/home/ubuntu/OpenSearch/server/src/main/java/org/opensearch/rest/action/ingest/RestGetPipelineAction.java	61
planned	GET	/_ingest/pipeline/{id}	/home/ubuntu/OpenSearch/server/src/main/java/org/opensearch/rest/action/ingest/RestGetPipelineAction.java	61
planned	PUT	/_ingest/pipeline/{id}	/home/ubuntu/OpenSearch/server/src/main/java/org/opensearch/rest/action/ingest/RestPutPipelineAction.java	62
planned	GET	/_ingest/pipeline/{id}/_simulate	/home/ubuntu/OpenSearch/server/src/main/java/org/opensearch/rest/action/ingest/RestSimulatePipelineAction.java	63
planned	POST	/_ingest/pipeline/{id}/_simulate	/home/ubuntu/OpenSearch/server/src/main/java/org/opensearch/rest/action/ingest/RestSimulatePipelineAction.java	64
planned	GET	/_ingest/pipeline/_simulate	/home/ubuntu/OpenSearch/server/src/main/java/org/opensearch/rest/action/ingest/RestSimulatePipelineAction.java	65
planned	POST	/_ingest/pipeline/_simulate	/home/ubuntu/OpenSearch/server/src/main/java/org/opensearch/rest/action/ingest/RestSimulatePipelineAction.java	66
planned	GET	/_list/indices	/home/ubuntu/OpenSearch/server/src/main/java/org/opensearch/rest/action/list/RestIndicesListAction.java	45
planned	GET	/_list/indices/{index}	/home/ubuntu/OpenSearch/server/src/main/java/org/opensearch/rest/action/list/RestIndicesListAction.java	45
planned	GET	/_list	/home/ubuntu/OpenSearch/server/src/main/java/org/opensearch/rest/action/list/RestListAction.java	45
planned	GET	/_list/shards	/home/ubuntu/OpenSearch/server/src/main/java/org/opensearch/rest/action/list/RestShardsListAction.java	35
planned	GET	/_list/shards/{index}	/home/ubuntu/OpenSearch/server/src/main/java/org/opensearch/rest/action/list/RestShardsListAction.java	35
planned	DELETE	/_search/scroll	/home/ubuntu/OpenSearch/server/src/main/java/org/opensearch/rest/action/search/RestClearScrollAction.java	58
planned	DELETE	/_search/scroll/{scroll_id}	/home/ubuntu/OpenSearch/server/src/main/java/org/opensearch/rest/action/search/RestClearScrollAction.java	58
planned	GET	/_count	/home/ubuntu/OpenSearch/server/src/main/java/org/opensearch/rest/action/search/RestCountAction.java	71
planned	POST	/_count	/home/ubuntu/OpenSearch/server/src/main/java/org/opensearch/rest/action/search/RestCountAction.java	72
planned	GET	/{index}/_count	/home/ubuntu/OpenSearch/server/src/main/java/org/opensearch/rest/action/search/RestCountAction.java	73
planned	POST	/{index}/_count	/home/ubuntu/OpenSearch/server/src/main/java/org/opensearch/rest/action/search/RestCountAction.java	74
planned	POST	/{index}/_search/point_in_time	/home/ubuntu/OpenSearch/server/src/main/java/org/opensearch/rest/action/search/RestCreatePitAction.java	54
planned	DELETE	/_search/point_in_time	/home/ubuntu/OpenSearch/server/src/main/java/org/opensearch/rest/action/search/RestDeletePitAction.java	57
planned	DELETE	/_search/point_in_time/_all	/home/ubuntu/OpenSearch/server/src/main/java/org/opensearch/rest/action/search/RestDeletePitAction.java	57
planned	DELETE	/_search/pipeline/{id}	/home/ubuntu/OpenSearch/server/src/main/java/org/opensearch/rest/action/search/RestDeleteSearchPipelineAction.java	35
planned	GET	/{index}/_explain/{id}	/home/ubuntu/OpenSearch/server/src/main/java/org/opensearch/rest/action/search/RestExplainAction.java	62
planned	POST	/{index}/_explain/{id}	/home/ubuntu/OpenSearch/server/src/main/java/org/opensearch/rest/action/search/RestExplainAction.java	62
planned	GET	/_search/point_in_time/_all	/home/ubuntu/OpenSearch/server/src/main/java/org/opensearch/rest/action/search/RestGetAllPitsAction.java	88
planned	GET	/_search/pipeline	/home/ubuntu/OpenSearch/server/src/main/java/org/opensearch/rest/action/search/RestGetSearchPipelineAction.java	36
planned	GET	/_search/pipeline/{id}	/home/ubuntu/OpenSearch/server/src/main/java/org/opensearch/rest/action/search/RestGetSearchPipelineAction.java	36
planned	GET	/_msearch	/home/ubuntu/OpenSearch/server/src/main/java/org/opensearch/rest/action/search/RestMultiSearchAction.java	96
planned	POST	/_msearch	/home/ubuntu/OpenSearch/server/src/main/java/org/opensearch/rest/action/search/RestMultiSearchAction.java	97
planned	GET	/{index}/_msearch	/home/ubuntu/OpenSearch/server/src/main/java/org/opensearch/rest/action/search/RestMultiSearchAction.java	98
planned	POST	/{index}/_msearch	/home/ubuntu/OpenSearch/server/src/main/java/org/opensearch/rest/action/search/RestMultiSearchAction.java	99
planned	PUT	/_search/pipeline/{id}	/home/ubuntu/OpenSearch/server/src/main/java/org/opensearch/rest/action/search/RestPutSearchPipelineAction.java	38
planned	GET	/_search	/home/ubuntu/OpenSearch/server/src/main/java/org/opensearch/rest/action/search/RestSearchAction.java	125
planned	POST	/_search	/home/ubuntu/OpenSearch/server/src/main/java/org/opensearch/rest/action/search/RestSearchAction.java	126
planned	GET	/{index}/_search	/home/ubuntu/OpenSearch/server/src/main/java/org/opensearch/rest/action/search/RestSearchAction.java	127
planned	POST	/{index}/_search	/home/ubuntu/OpenSearch/server/src/main/java/org/opensearch/rest/action/search/RestSearchAction.java	128
planned	GET	/_search/scroll	/home/ubuntu/OpenSearch/server/src/main/java/org/opensearch/rest/action/search/RestSearchScrollAction.java	70
planned	POST	/_search/scroll	/home/ubuntu/OpenSearch/server/src/main/java/org/opensearch/rest/action/search/RestSearchScrollAction.java	71
planned	GET	/_search/scroll/{scroll_id}	/home/ubuntu/OpenSearch/server/src/main/java/org/opensearch/rest/action/search/RestSearchScrollAction.java	72
planned	POST	/_search/scroll/{scroll_id}	/home/ubuntu/OpenSearch/server/src/main/java/org/opensearch/rest/action/search/RestSearchScrollAction.java	73
planned	POST	"/{index}/_tier/" + targetTier	/home/ubuntu/OpenSearch/server/src/main/java/org/opensearch/storage/action/tiering/RestBaseTierAction.java	39
planned	POST	/_tier/_cancel/{index}	/home/ubuntu/OpenSearch/server/src/main/java/org/opensearch/storage/action/tiering/RestCancelTierAction.java	39
planned	GET	/{index}/_tier	/home/ubuntu/OpenSearch/server/src/main/java/org/opensearch/storage/action/tiering/status/rest/RestGetTieringStatusAction.java	37
planned	GET	/_tier/all	/home/ubuntu/OpenSearch/server/src/main/java/org/opensearch/storage/action/tiering/status/rest/RestListTieringStatusAction.java	39
planned	POST	String.format(Locale.ROOT, "%s/%s/{%s}", KNNPlugin.KNN_BASE_URI, CLEAR_CACHE, INDEX)	/home/ubuntu/k-NN/src/main/java/org/opensearch/knn/plugin/rest/RestClearCacheHandler.java	58
planned	DELETE	String.format(Locale.ROOT, "%s/%s/{%s}", KNNPlugin.KNN_BASE_URI, MODELS, MODEL_ID)	/home/ubuntu/k-NN/src/main/java/org/opensearch/knn/plugin/rest/RestDeleteModelHandler.java	47
planned	GET	String.format(Locale.ROOT, "%s/%s/{%s}", KNNPlugin.KNN_BASE_URI, MODELS, MODEL_ID)	/home/ubuntu/k-NN/src/main/java/org/opensearch/knn/plugin/rest/RestGetModelHandler.java	46
planned	GET	KNNPlugin.KNN_BASE_URI + "/{nodeId}/stats/"	/home/ubuntu/k-NN/src/main/java/org/opensearch/knn/plugin/rest/RestKNNStatsHandler.java	98
planned	GET	KNNPlugin.KNN_BASE_URI + "/{nodeId}/stats/{stat}"	/home/ubuntu/k-NN/src/main/java/org/opensearch/knn/plugin/rest/RestKNNStatsHandler.java	99
planned	GET	KNNPlugin.KNN_BASE_URI + "/stats/"	/home/ubuntu/k-NN/src/main/java/org/opensearch/knn/plugin/rest/RestKNNStatsHandler.java	100
planned	GET	KNNPlugin.KNN_BASE_URI + "/stats/{stat}"	/home/ubuntu/k-NN/src/main/java/org/opensearch/knn/plugin/rest/RestKNNStatsHandler.java	101
planned	GET	KNNPlugin.KNN_BASE_URI + URL_PATH	/home/ubuntu/k-NN/src/main/java/org/opensearch/knn/plugin/rest/RestKNNWarmupHandler.java	61
planned	GET	String.format(Locale.ROOT, "%s/%s/%s", KNNPlugin.KNN_BASE_URI, MODELS, SEARCH)	/home/ubuntu/k-NN/src/main/java/org/opensearch/knn/plugin/rest/RestSearchModelHandler.java	57
planned	POST	String.format(Locale.ROOT, "%s/%s/%s", KNNPlugin.KNN_BASE_URI, MODELS, SEARCH)	/home/ubuntu/k-NN/src/main/java/org/opensearch/knn/plugin/rest/RestSearchModelHandler.java	58
planned	POST	String.format(Locale.ROOT, "%s/%s/{%s}/_train", KNNPlugin.KNN_BASE_URI, MODELS, MODEL_ID)	/home/ubuntu/k-NN/src/main/java/org/opensearch/knn/plugin/rest/RestTrainModelHandler.java	73
planned	POST	String.format(Locale.ROOT, "%s/%s/_train", KNNPlugin.KNN_BASE_URI, MODELS)	/home/ubuntu/k-NN/src/main/java/org/opensearch/knn/plugin/rest/RestTrainModelHandler.java	74
